Id;RawCoord1;RawCoord2;RawCoord3;RawCoord4;RawCoord5;RawCoord6;RawCoord7;RawCoord8;RawCoord9;RawCoord10;RawCoord11;RawCoord12;RawCoord13;RawCoord14;RawCoord15;RawCoord16;RawCoord17;RawCoord18;RawCoord19;RawCoord20;RawCoord21;RawCoord22;RawCoord23;RawCoord24;RawCoord25;RawCoord26;RawCoord27;RawCoord28;RawCoord29;RawCoord30;RawCoord31;RawCoord32;RawCoord33;RawCoord34;RawCoord35;RawCoord36;RawCoord37;RawCoord38;RawCoord39;RawCoord40;RawCoord41;RawCoord42;RawCoord43;RawCoord44;RawCoord45;RawCoord46;RawCoord47;RawCoord48;RawCoord49;RawCoord50;RawCoord51;RawCoord52;RawCoord53;RawCoord54;RawCoord55;RawCoord56;RawCoord57;RawCoord58;RawCoord59;RawCoord60;RawCoord61;RawCoord62;RawCoord63;RawCoord64;RawCoord65;RawCoord66;RawCoord67;RawCoord68;RawCoord69;RawCoord70;RawCoord71;RawCoord72
Antilocapra-americana-FM13877(4);22.017857;-13.674594;-61.854546;33.255058;-20.681721;-59.049137;15.461588;-19.512909;-56.705193;24.23394;-12.849627;-50.293617;15.013517;-34.504761;-59.212662;31.884628;-27.602772;-45.075981;15.125243;-47.338989;-54.640312;30.179604;-56.780762;-48.642654;14.585933;-61.541508;-55.418823;13.856475;-75.027618;-43.325928;43.01963;-34.753586;-24.057652;27.514889;-65.351868;-5.0137787;11.271995;-71.769485;-1.1697617;10.753489;-59.258415;-4.5149994;10.753489;-59.258415;-4.5149975;10.036139;-45.827824;-6.9272451;10.809796;-37.230721;-14.440784;11.331809;-29.800571;-20.800001;11.834421;-23.89069;-26.800377;12.371311;-19.54501;-32.641335;12.839279;-15.821083;-38.195061;13.499029;-13.405547;-44.664742;14.529327;-15.613273;-51.26582;15.461588;-19.512911;-56.705193
A_americana_YPM1513;-9.5993242;-11.721602;29.49913;-19.392954;-4.5294008;31.974197;-3.8501871;-2.0362468;30.240753;-9.0607185;-3.5187747;33.683617;-3.3927307;9.9527407;16.385742;-22.170616;14.683651;28.649132;-2.5235767;21.699327;6.4771118;-21.048599;32.912956;-1.2083211;-2.4124527;26.581665;-5.8041077;-2.4244077;43.036415;-10.835739;-37.081406;48.252895;21.268723;-16.561802;73.909119;17.092489;-2.4948111;84.556107;12.105955;-2.0854955;75.347351;19.774918;-2.0854957;75.347359;19.774921;-2.6733415;63.263294;31.420708;-3.0704317;49.94825;39.283165;-3.2883949;37.68927;43.815746;-3.389071;27.187035;45.56855;-3.4553182;18.668844;45.237305;-3.5659394;11.969341;43.600338;-3.7126977;6.874104;40.569954;-3.8383458;1.1651837;37.17865;-3.8501873;-2.036243;30.240753
Axis_axis_ZMB_45714;7.3670487;6.0211282;3.6194763;17.275795;-6.7580094;3.3171082;-0.36171722;-8.4338274;4.8668747;4.3613238;-9.2444801;7.8884583;0.06078124;-18.551889;-9.0981598;17.16256;-32.541019;1.0215759;-0.3809166;-34.753567;-18.273346;14.415009;-49.019421;-25.562111;-1.2628765;-53.219631;-33.838318;-1.1258755;-70.38208;-37.898773;30.147404;-67.43251;2.8853302;15.656601;-98.002144;-3.6889572;1.2100067;-112.05435;-9.5066032;0.34982491;-97.792427;2.3444824;0.34982422;-97.792435;2.3444879;0.39039519;-85.150551;12.821662;0.58741546;-70.815704;19.399426;0.57215035;-57.407688;22.17845;0.36427057;-45.844658;22.130877;0.27566499;-35.8517;22.295145;0.063493371;-27.771524;19.466482;-0.02284627;-21.366879;15.915165;-0.18357104;-13.259303;11.872565;-0.36171708;-8.4338284;4.8668752
Axis_axis_ZMB_9497;10.726576;4.3377385;47.680267;21.343847;-8.155426;41.591675;1.172147;-10.646438;45.547806;5.9416785;-10.880548;48.119293;0.90124321;-21.843142;29.234375;18.626465;-36.918568;39.794113;0.56095409;-37.693195;18.782944;15.924377;-50.491291;15.321737;-0.11357093;-53.499283;2.8455048;-0.27945423;-73.7323;-1.5830078;32.202583;-70.147545;38.245285;13.274268;-104.01304;39.600998;-2.6411481;-116.70055;33.595261;-2.1706166;-106.98566;38.933929;-2.1706164;-106.98566;38.933933;-0.96664411;-94.714722;52.60804;-0.054668188;-81.903412;60.778419;0.15341499;-69.347961;64.391769;0.19097644;-57.698559;65.782227;0.28774664;-46.94202;65.294693;0.52407396;-36.98595;62.987;0.92907435;-27.547325;60.054214;0.99554747;-18.477882;55.28606;1.1721467;-10.646438;45.547806
A_ensenadensis_U-4922;-23.294266;21.954502;94.15416;-13.522552;25.675613;87.702957;-27.932465;14.680824;78.558319;-20.243904;16.165419;82.899231;-29.875443;21.817564;61.155758;-6.7167525;16.5445;60.339409;-28.563934;19.762024;32.844753;-6.2093868;25.405735;19.512213;-30.566925;24.723192;12.022917;-22.70562;20.249052;-15.262817;21.580856;-3.1756377;14.094003;9.1361237;-24.779238;-7.7355127;-3.7350922;-30.768621;-38.208523;-5.6407928;-34.694408;-14.852238;-5.6407938;-34.694405;-14.852238;-6.8577671;-35.260887;3.9396522;-8.2235489;-34.300583;20.538284;-9.9193106;-32.707027;35.091755;-12.272786;-31.320145;48.073219;-14.933795;-26.479462;58.89994;-17.952971;-19.505527;67.927094;-20.800421;-9.0223646;73.440788;-24.351351;2.2779152;78.500183;-27.932465;14.680822;78.558319
Axis_porcinus_ZMB_75133;20.325676;-4.7011232;-6.7741203;29.88615;-10.93328;-10.383166;13.709925;-15.624815;-5.0240483;18.409344;-16.123999;-1.0505085;14.567295;-31.702938;-16.989861;34.46386;-39.07785;-5.7788963;16.187635;-44.764164;-22.239426;34.380264;-56.647003;-28.934647;17.818174;-60.35775;-36.823326;19.851894;-80.513397;-37.115295;50.079269;-61.628704;-6.1447525;38.829937;-91.110313;-0.99632645;22.755722;-106.31994;-1.5964317;22.025227;-93.201279;6.8233109;22.025227;-93.201279;6.8233161;20.789524;-84.181992;12.155359;19.854942;-75.196953;17.166693;18.863455;-66.352196;19.635668;17.818695;-57.640488;19.87055;16.920706;-49.005329;18.647598;16.353348;-40.001785;16.538803;15.713093;-30.440519;12.221052;14.702537;-21.134415;4.7792416;13.709925;-15.624814;-5.0240483
Axis_porcinus_ZMB_93538;-0.20501995;-204.50499;96.987198;-13.205235;-197.44327;91.924316;6.6060333;-188.81299;96.633911;1.8865409;-190.65904;99.931969;4.9758129;-179.69353;81.226318;-13.146835;-170.15613;92.338348;4.0812135;-164.84477;71.882751;-12.227859;-153.20087;64.39785;2.4573174;-143.30347;53.062359;0.6114502;-126.36349;49.731133;-30.138454;-136.89325;95.875854;-16.048172;-98.5429;92.62426;-1.7598476;-83.953217;83.267578;-2.8265796;-98.568108;96.005463;-2.8265791;-98.568108;96.005463;-2.3979249;-109.14618;108.61871;-0.59237719;-123.24176;114.76566;1.2528893;-136.27385;117.10255;2.8339326;-147.51453;116.773;3.99652;-157.1801;115.34732;4.8424621;-166.23586;113.65299;5.520154;-174.20708;109.74306;6.2616601;-182.84793;104.72936;6.6060328;-188.81299;96.633911
Cephalophus_leucogaster_AMNH52799(2);-9.9991808;-20.150295;22.462517;-19.786579;-10.763682;22.147972;-3.9180298;-6.779181;24.691151;-7.5206103;-7.7310181;24.721474;-3.4826508;1.381883;8.8268356;-16.388355;7.7476864;20.931334;-3.0709295;13.722518;-4.534111;-14.635399;25.417507;-13.87561;-2.777112;24.815464;-17.871132;-0.9937458;39.94083;-22.197182;-30.418655;38.26519;2.1581345;-18.47464;61.125843;1.6426353;-1.3561652;71.412567;3.4264145;-1.3493385;63.071892;8.8918457;-1.3493384;63.071892;8.8918438;-1.9137367;53.04491;16.677935;-2.5180676;43.641285;23.590628;-2.9210429;34.651913;28.033588;-3.155911;26.213333;30.476002;-3.2626112;18.392986;31.016365;-3.4408166;11.24152;30.821329;-3.7074757;4.6635799;30.467453;-3.850359;-1.3358455;28.20384;-3.9180298;-6.779181;24.691149
Capra_ibex_sibirica_54906;6.2888317;62.468925;158.74335;22.618362;56.181087;153.05243;-0.26935148;49.911175;164.17142;13.409912;53.819672;161.09;0.95754921;37.801907;138.2869;21.022606;36.850601;150.86169;1.252059;33.94165;131.01257;21.140213;20.366877;125.35487;0.55541325;21.606693;108.52157;1.2996171;-0.1503268;100.69742;37.754517;9.5065308;153.42435;16.059095;-28.965191;143.1174;0.6641655;-42.776031;125.27922;-0.026408672;-32.749912;147.11711;-0.026408659;-32.749912;147.11711;0.33960301;-21.508537;161.87247;0.66455549;-9.4538841;172.0771;0.27035448;2.3353903;177.63068;0.031451114;12.588578;181.57376;-0.37698728;21.78758;182.83818;-0.31548566;30.052242;182.30566;-0.070526049;37.613667;179.16199;0.57264441;44.759109;173.24493;-0.26935261;49.911175;164.17142
C_sumatraensis_8_10_9_11;11.388984;-134.05142;-32.292511;24.571255;-143.86008;-25.048279;3.9595141;-151.73161;-28.746887;10.301759;-152.23511;-23.14978;3.8423615;-162.68942;-40.013519;21.058563;-172.5233;-29.322701;3.3364449;-181.19514;-47.103867;23.505653;-205.8864;-51.55011;2.9969199;-206.29375;-60.826797;2.8890738;-235.72664;-56.643341;41.084953;-194.09062;-17.705643;19.294205;-248.63509;-1.3184204;2.7819729;-273.47388;-11.65053;2.4596357;-250.478;-1.5254517;2.4596357;-250.478;-1.5254359;2.5362096;-235.43614;3.2309675;2.6388645;-221.43942;6.4538794;2.726995;-208.49216;7.1946383;2.9312627;-196.49181;6.8511558;3.0967908;-185.56183;3.8103788;3.2621891;-175.80777;-1.5597314;3.547817;-165.67426;-7.2019477;3.5911441;-155.48924;-15.758539;3.9595139;-151.73161;-28.746887
Cephalophus_sylvicultor_AMNH55382(2);-7.2759333;39.193623;35.803009;-16.212957;31.63835;27.135206;0.23460031;32.58284;16.261839;-4.5209084;36.284107;14.44248;0.20241737;13.100698;10.441452;-17.53154;21.89716;0.73075867;0.46902573;-3.4799335;4.2536163;-15.214813;-14.125569;-9.6167564;-0.4939847;-23.654886;-10.694077;0.16064835;-29.410833;-27.115646;-29.715347;19.187893;-24.855377;-16.511475;-0.9725455;-60.249634;1.8980608;-4.9010901;-71.03688;0.45810616;2.6816025;-66.97522;0.45810619;2.6816025;-66.97522;0.037717387;13.744791;-55.495468;-0.19655879;24.080959;-45.476227;-0.46629623;31.679407;-35.328091;-0.50882185;36.584576;-25.335819;-0.43849716;39.387344;-15.926723;-0.33669242;39.850193;-7.1590185;-0.38135177;39.269543;0.88545281;0.036382377;37.695534;9.0557232;0.23460026;32.58284;16.261839
Eotragus_F_SA10143_R;83.115097;12.916601;6.5392551;88.782829;14.451441;2.4569359;84.698029;13.389914;-4.3304539;83.319283;13.003234;-0.44240379;85.735825;13.630744;3.6832657;95.758652;-4.3503947;-3.3169842;82.060432;12.688962;-5.3338051;92.01165;-21.255373;-22.013367;87.89682;14.232008;-1.3728018;84.652893;13.389618;-6.898881;103.99216;-31.506737;9.526001;91.328911;-50.28981;11.218369;82.786652;12.84316;3.3954697;79.868835;-46.432442;20.770065;79.868835;-46.432442;20.770069;80.595322;-36.973442;25.169016;81.272911;-27.37113;25.474285;81.225464;-18.84473;24.874989;81.123055;-11.374098;23.976925;80.364815;-5.1107888;21.879732;80.611542;0.59047854;20.023069;80.544098;5.2903218;17.134125;80.422028;9.0937901;13.455338;80.245316;12.000884;8.9867086
Euprox_Hiller_R;-19.03796;75.745041;36.177597;-21.515976;75.685905;36.62075;-21.905912;74.631119;32.650749;-19.517115;74.457443;31.320763;-17.431293;74.928413;32.57901;-16.748165;75.860001;36.002258;-20.154961;73.681282;28.487734;-21.754559;61.692013;10.527252;-37.747845;55.220772;6.4041748;-36.272766;37.583145;13.667068;-4.1708069;51.108669;36.809948;-15.963707;30.069183;47.988548;-39.633873;12.94676;56.313992;-38.405216;29.948687;52.202675;-38.405216;29.948687;52.202675;-38.605518;43.768097;57.40612;-37.985893;54.706127;56.338718;-37.448227;63.196796;54.653893;-37.095707;70.125237;53.802776;-36.840393;73.66066;51.386032;-36.734341;76.564079;50.50703;-36.729317;77.490128;49.498486;-36.717712;77.645607;49.080814;-36.541939;77.60714;49.151848
Hydropotes-inermis-FM146556;20.671768;-44.885403;-58.697647;28.161186;-51.222347;-54.648647;15.898251;-45.47823;-53.08308;22.960136;-47.389614;-50.233631;12.897083;-66.089737;-54.382416;25.00811;-60.313503;-47.7939;12.128338;-73.751389;-50.951149;21.93541;-83.093163;-47.381332;10.565416;-90.921898;-47.959152;10.236605;-100.19583;-39.647217;35.272316;-79.312035;-24.984201;23.995522;-89.737915;-13.679405;12.297909;-99.432289;-8.5974197;13.097016;-87.882233;-9.8105927;13.097016;-87.882233;-9.8105927;13.836127;-78.122726;-11.715619;14.355539;-70.019745;-14.784757;14.903903;-62.73912;-18.115723;15.298368;-56.829945;-22.318607;15.383006;-52.856876;-27.712322;15.400567;-50.329277;-33.500019;15.643694;-48.027981;-39.161346;15.913176;-45.626122;-45.668369;15.898251;-45.47823;-53.08308
Hydropotes_inermis_ZMB_MAM_41441;18.037268;31.749338;-9.4285965;25.430529;27.148998;-12.196701;12.744761;23.818001;-9.8586693;17.702862;22.949463;-6.5453377;12.707712;12.631618;-21.453674;23.735323;9.1517963;-14.079384;12.94873;3.3724813;-26.741592;23.913952;-5.9938974;-29.803268;13.0381;-10.852667;-36.165115;13.690814;-22.714607;-38.130226;36.816444;-18.042551;-9.3603821;22.816936;-41.633919;-9.2298851;13.880601;-50.579819;-10.033556;13.806864;-42.732422;-8.7921906;13.806864;-42.732422;-8.7921906;13.863564;-32.541756;-0.62926888;13.426984;-23.503777;2.6946876;12.99801;-14.856241;3.8793931;12.712597;-6.7215652;3.5364332;12.607103;0.67360198;3.1755326;12.592625;7.3788247;1.7281716;12.611442;13.453271;-0.79650277;12.439597;19.245316;-4.5609903;12.744761;23.818001;-9.8586693
H_matthei_RGM_260965;112.49451;139.54507;282.72958;102.06028;144.51225;277.19547;117.40099;148.00081;284.81931;107.32171;148.07507;285.75153;118.34372;156.31288;272.39362;102.19675;160.97748;279.52347;118.03915;165.61168;268.0029;106.5947;176.36046;262.89166;118.33315;184.07527;256.21008;118.41503;196.97348;257.37262;88.78653;182.52309;282.38779;109.18841;210.40845;288.86682;117.63932;218.9184;285.68695;118.5757;211.8313;290.07745;118.5757;211.8313;290.07745;117.69354;201.01294;295.88763;117.05551;191.97704;301.8082;116.5892;182.98387;303.9921;116.29894;175.11696;305.18134;116.18431;168.08832;304.63904;116.6598;162.46237;300.57169;116.62315;156.77512;297.85568;116.89239;151.94547;292.40091;117.40099;148.00081;284.81931
K_ellipsiprymnus_YPM_3484;-13.548307;-182.08804;-27.084564;-27.316853;-177.0022;-32.697098;-6.0656519;-166.1373;-36.929527;-15.627178;-168.62804;-34.446243;-3.2184334;-166.49063;-57.546417;-22.720261;-157.83131;-55.284134;-2.8947692;-157.11563;-73.864273;-22.698858;-143.7153;-89.405563;-0.69295204;-145.99313;-105.02034;-0.59244347;-123.01481;-120.49252;-43.968292;-111.91177;-64.021118;-24.815872;-84.951866;-78.419113;-3.4211807;-71.927139;-104.13981;-2.6044731;-81.163589;-76.770264;-2.6044745;-81.163589;-76.770271;-3.2973731;-90.584129;-64.460846;-3.8215551;-99.055649;-52.51981;-4.1613178;-109.21895;-45.222988;-4.6322513;-118.18842;-38.161064;-5.0925007;-127.30042;-33.267117;-5.4089832;-136.82169;-31.187399;-5.7359414;-146.39728;-30.477179;-5.8050098;-156.67502;-32.242348;-6.0656543;-166.1373;-36.929527
Myotragus-FM-PM59151;22.714016;-43.000233;38.632111;27.231888;-48.804447;41.79451;18.568279;-46.449787;38.624023;17.656332;-45.682926;45.422691;19.787537;-58.962234;35.494507;24.462357;-57.745995;47.188976;19.789948;-66.446182;34.057198;25.431061;-73.964775;42.052723;19.882343;-82.719261;32.360153;16.726425;-93.463799;35.445805;23.834766;-77.774742;63.040527;5.140358;-94.923935;64.131989;-0.87138367;-102.84821;57.251656;-2.2537994;-90.741409;60.600517;-2.2538004;-90.741409;60.600521;-2.8177867;-84.86187;60.677998;-3.8142672;-79.355797;62.64386;-3.266005;-74.104553;62.264286;-2.313055;-69.043724;61.707237;-1.0314745;-63.748554;61.125751;1.6335292;-58.042412;58.812057;6.1062269;-51.608021;54.262875;12.765935;-45.597244;46.61293;18.568279;-46.449787;38.624023
Moschus_moschiferus_ZMB70961(2);4.6960211;-20.113634;7.1239319;-2.5053482;-15.889842;7.0681057;9.9484768;-16.017908;8.035614;5.3443251;-16.16992;9.4264832;9.477107;-2.9561617;-4.3483963;-1.3779335;-2.9063659;6.4224567;9.3205948;5.4741855;-7.8688965;-0.11734772;15.196929;-11.94471;9.5266838;18.456045;-15.458473;9.6400185;26.892918;-17.149834;-11.146801;21.503115;8.1276436;1.817215;40.881184;12.796532;11.44474;50.153393;9.0320702;10.93595;40.510487;14.4515;10.93595;40.510487;14.451502;10.812096;30.989908;18.762751;10.42547;21.55934;22.536963;10.359846;13.420751;22.39093;10.522908;6.8957667;21.414766;10.611524;1.1390319;20.284348;10.515589;-4.2361264;18.709488;10.097773;-9.6347179;16.457336;9.8747158;-13.653442;12.789794;9.9484758;-16.017912;8.035614
Muntiacus_muntjak_ZMB_40556;13.934584;84.248215;6.9231224;23.972336;74.426559;6.1446438;7.1066751;72.617569;12.344128;12.992168;67.374344;14.640465;6.997714;58.258801;-0.93637085;23.884132;46.746826;9.5944061;8.0288029;43.219383;-11.779198;22.603748;31.728254;-18.318275;8.2108421;29.852327;-24.324699;7.0706797;11.844645;-29.027412;36.583115;11.798746;4.7375107;15.685831;-9.7982635;5.1664963;8.9083958;-20.845482;-2.0874329;8.6138554;-11.48245;5.4081573;8.6138554;-11.48245;5.4081564;8.5715446;-2.84622;11.432799;8.732646;5.2627816;17.84235;8.7293816;14.034749;21.765375;8.6660757;22.856153;24.504288;8.539012;31.542585;26.963961;8.3057671;41.364899;26.618248;8.0228024;52.211197;24.405985;7.6905479;63.968594;19.56292;7.1066751;72.617569;12.344128
Muntiacus_muntjak_ZMB_46239;7.7607546;67.845322;15.483425;15.081848;61.004761;14.386922;2.5533848;59.279232;16.317459;4.6528435;54.215717;19.517761;3.9877048;47.919502;3.9141235;18.292751;38.803734;13.46965;5.6116004;34.891266;-7.5241623;19.351446;21.906868;-17.053162;6.9379253;20.609623;-21.409554;8.5413876;7.3965569;-25.841667;35.337624;10.783895;6.1292191;25.439432;-14.261685;1.2854004;15.378281;-27.49382;-3.6989393;10.783779;-18.070246;5.1093292;10.783779;-18.070246;5.1093292;9.9397078;-9.3156796;12.982698;8.9572515;-0.15566832;18.910383;8.0192556;8.549264;23.189539;7.125875;17.078396;25.943907;6.2535019;25.546488;27.162352;5.3362198;34.061089;26.367216;4.4905319;42.435581;24.595802;3.4994881;50.87286;22.059811;2.5533845;59.279232;16.317459
O_ammon_YPM;94.436241;-53.601799;-88.159943;85.452011;-50.702454;-92.73053;102.42476;-39.332584;-93.72879;94.646545;-44.127079;-90.457565;101.64412;-39.259701;-112.13458;82.992874;-32.379604;-105.59141;100.86928;-30.484402;-121.94839;81.156708;-21.095369;-131.56487;100.22863;-19.174686;-146.41148;97.856537;6.4565191;-158.75575;60.668125;-0.78001571;-110.91032;80.162392;25.70956;-121.31247;96.90023;41.149864;-133.68196;97.777443;29.344427;-122.39285;97.777443;29.344421;-122.39286;99.581352;22.174898;-105.25204;100.96233;13.27019;-93.341469;102.00534;4.1693592;-85.358498;102.69536;-4.8084054;-81.60968;103.16282;-12.576976;-79.385994;103.3776;-19.599945;-79.263237;103.36581;-26.478355;-80.867142;103.16248;-35.459869;-84.21032;102.42476;-39.332584;-93.72879
Oreamnos_americanus_14605;9.9742422;42.512852;-122.53981;15.402035;39.138641;-127.23947;-0.4119339;34.727661;-124.2201;15.533388;38.483631;-116.73212;1.6393166;19.550964;-133.13943;18.023861;21.68495;-123.80989;1.2640228;14.599372;-138.06375;19.014038;-1.7865176;-145.52863;1.4577513;-2.7439783;-154.10518;1.6158304;-17.895849;-156.96698;32.988842;-4.402782;-115.06705;15.985009;-30.068151;-106.53686;2.2414136;-52.750515;-122.95779;2.0994878;-35.419086;-117.20004;2.099488;-35.419086;-117.20004;2.0027707;-24.64801;-107.19438;1.9906255;-13.781146;-102.32221;1.7877142;-3.9713297;-99.988724;1.5924883;4.5768757;-97.897606;1.3291847;12.339107;-98.421036;1.016531;19.510408;-100.63278;0.38072515;27.487215;-104.7952;-1.0847198;36.337177;-114.89642;-0.41193405;34.727661;-124.2201
Prolibytherium_magnirei_NHM_M26678;-2.2306175;-38.055408;-102.06898;9.7505264;-41.622158;-100.70926;-7.5717993;-48.654045;-97.675659;-0.038742065;-49.748413;-90.062561;-5.0013695;-60.357468;-106.3651;9.1082001;-71.149109;-92.299881;-2.6268749;-76.272591;-109.27061;6.7564492;-83.976311;-117.03915;-0.30057335;-89.518066;-117.03547;0.67458057;-112.49255;-115.17458;23.277969;-89.155624;-94.733032;10.519955;-117.69235;-87.619873;-7.27878;-125.63779;-92.35498;-6.9673386;-120.62807;-86.16983;-6.9673381;-120.62807;-86.16983;-8.5609837;-110.04775;-80.970436;-9.701582;-100.21867;-77.540871;-10.393144;-91.162514;-75.930199;-11.122133;-82.545189;-74.765495;-11.218606;-74.608246;-75.999298;-11.102859;-66.769165;-78.135056;-10.288615;-60.113594;-83.028503;-9.0702763;-53.337311;-88.885422;-7.5717993;-48.654045;-97.675659
rupicapra_brain;67.67244;130.55901;116.90654;75.392532;134.7495;123.56265;60.44096;132.95226;118.53271;67.34893;130.31708;114.95183;59.629208;144.78217;131.79601;81.919724;153.03835;117.56442;59.873985;153.35545;136.7702;74.0177;159.69879;141.78351;59.595131;161.85445;152.72008;59.032471;173.33267;154.46423;88.68486;166.31247;108.12762;69.425354;201.85091;123.64001;58.443909;211.89456;132.7325;58.595951;201.62131;118.40121;58.595951;201.62131;118.40121;59.790169;191.71851;106.42391;60.381561;179.10172;100.1388;60.759315;168.46266;96.182747;60.977806;159.38649;94.487656;61.151237;151.72174;94.644432;61.283081;145.16147;96.759674;61.432983;138.94041;100.90309;61.118458;133.00958;109.06654;60.44096;132.95226;118.53271
Samotherium-boissieri-NHM-London-M11085(2);-13.252266;-34.934097;96.729416;-14.46331;-38.088791;96.592392;-11.292168;-35.203636;93.943939;-9.3810349;-30.932898;95.443466;-11.781387;-30.333574;100.04961;17.825317;-60.035465;101.04816;-17.941719;-37.448036;99.21843;17.391701;-95.865463;100.166;-23.051918;-105.00701;111.20264;-11.489891;-145.02824;117.51217;49.287399;-75.638161;107.80646;41.364716;-124.42836;144.54063;27.47316;-144.65848;161.34018;21.333908;-123.28957;157.60051;21.333908;-123.28957;157.60051;22.286644;-104.50449;155.00745;20.421417;-89.508842;149.38142;17.620363;-76.632881;141.47566;15.20004;-64.491714;135.76326;12.638854;-52.719856;133.33286;8.7310772;-43.564625;127.57383;4.0349774;-36.981945;120.15347;-1.2244471;-31.539158;113.36958;-7.1699448;-28.954899;106.09529
Stockoceras_sp_FM59135;19.686844;-13.83141;3.3041573;29.169907;-16.912085;9.4682255;13.541126;-17.2146;9.2389774;21.669916;-13.594581;8.0635529;12.194979;-32.503601;9.7465286;30.038078;-25.26664;26.425837;13.266476;-43.71492;17.723801;25.244499;-55.598625;26.478523;11.590473;-60.376457;18.2267;10.249019;-70.518066;28.454384;43.157364;-33.622597;47.530365;20.053699;-63.012417;71.263954;7.5148115;-72.554115;74.459106;6.9968853;-64.196823;71.101158;6.9968853;-64.196823;71.101158;8.1091251;-46.109581;66.117676;8.8861809;-33.127411;57.917419;9.5246067;-23.470509;49.613976;10.199868;-16.077597;42.097588;10.817185;-12.009414;34.715748;11.499847;-11.080386;28.006567;12.378095;-11.776525;22.375008;13.030552;-12.418623;15.920041;13.541126;-17.2146;9.2389784
S_tatarica_YPM;-3.2183433;-36.696915;84.156967;-10.421936;-32.841717;80.24334;6.2798066;-28.45389;86.318748;0.87014198;-31.506477;89.024696;6.7165098;-16.350927;70.211441;-11.156746;-15.411599;77.362175;6.8907814;-12.553274;63.548576;-7.0460815;0.001681167;58.088604;7.2741013;-2.5549786;50.710487;7.2863741;18.368256;49.869171;-24.509804;5.1790829;79.757919;-7.3337688;37.244911;87.737625;6.6777639;45.825504;81.229172;5.5853038;34.480022;87.590363;5.5853028;34.480022;87.590363;5.2517619;23.852005;95.653969;4.6111274;13.136538;99.435936;4.3120561;3.5873141;101.40627;4.408186;-4.6597347;101.3698;4.6863203;-11.51552;100.29201;4.9714026;-17.153971;98.519936;5.1568885;-22.346905;96.276588;5.7184982;-28.817549;92.287796;6.2798066;-28.45389;86.318748
Tetracerus_quadricornis_AMNH54941__EC;5.3372636;23.547359;20.411911;12.464589;17.290642;18.315659;-1.2171617;12.5344;22.054951;4.9073515;13.086045;23.357323;-1.427969;0.49603721;5.7354889;13.668777;-3.0162275;16.13401;-1.700036;-9.9267416;1.2367859;10.570488;-17.659689;-2.6321182;-1.4148521;-24.533615;-6.8377838;-1.2800694;-41.849087;-8.785202;27.096294;-28.12982;18.43541;14.555984;-53.238346;22.910721;-0.6861887;-68.851974;16.427002;-0.47789335;-55.208519;25.788452;-0.47789314;-55.208519;25.788452;0.32926852;-44.322742;32.447838;0.61266345;-33.029915;35.897655;-0.049498141;-22.671263;36.478432;-0.77671021;-13.855268;35.959839;-1.0740397;-6.3464093;35.083736;-1.2369623;0.009699783;33.190716;-1.3898058;5.1893139;29.702274;-1.1977067;9.4413872;26.471807;-1.2171613;12.5344;22.054949
Tetracerus_quadricornis_AMNH54983__EC;4.0574045;-57.612934;-31.883736;11.024309;-61.78331;-32.670341;-1.2503666;-65.962776;-29.791878;2.3448076;-69.094261;-26.069351;-2.1525893;-81.325935;-41.006783;10.879753;-85.667297;-29.241631;-2.5590796;-93.199486;-46.626503;8.3073177;-101.22727;-48.07943;-3.1015625;-110.39196;-51.754135;-2.4909124;-122.35977;-51.309982;22.113091;-111.38951;-24.348465;10.504792;-136.04456;-20.58783;-2.0320044;-148.99258;-24.32093;-2.634459;-135.57082;-19.173363;-2.634459;-135.57082;-19.173363;-2.8416765;-122.88057;-13.973628;-2.859272;-111.57238;-12.932361;-2.8153431;-101.4231;-12.359157;-2.6507177;-92.626175;-13.281205;-2.4086466;-85.297768;-15.6734;-2.2122545;-79.014854;-18.291836;-2.0062144;-73.73349;-21.411865;-1.7807255;-69.765366;-25.706184;-1.2503656;-65.962776;-29.791874
Tetracerus_quadricornis_YPM1509_EC;6.5134125;21.789099;-34.268356;14.754883;13.323036;-37.483212;1.166625;12.987961;-33.96405;12.509056;10.986975;-31.285124;0.87302321;-0.62610096;-44.111961;14.397163;-5.5499229;-34.327564;0.7857151;-10.94132;-47.557777;13.409021;-25.597769;-50.033714;0.50367641;-28.340237;-54.569572;-0.20909309;-43.946533;-52.994446;28.278381;-34.090549;-27.59499;11.075752;-55.087788;-16.618652;1.3113403;-67.914505;-20.890572;0.15467072;-55.779133;-17.477905;0.15467073;-55.779133;-17.477905;0.45077035;-44.525505;-12.574313;0.66273683;-33.141727;-11.478046;0.86476392;-23.088678;-12.235038;1.0028862;-14.252377;-13.081868;1.1723031;-6.8047972;-15.659461;1.178697;-0.026059227;-18.288082;1.0122503;6.0733943;-21.922705;0.78831154;11.034439;-27.168673;1.1666244;12.987963;-33.96405
Urmiatherium_intermedium_London1;11.37053;-10.36791;-22.583803;15.384579;-15.386078;-14.836914;10.545654;-17.048527;-29.260138;11.61866;-16.558367;-13.740948;19.805344;-34.797802;-26.592709;8.9290314;-41.329853;-10.772537;24.343323;-49.293209;-25.322199;27.200691;-62.527912;-7.4534912;37.612228;-75.057655;-21.174622;29.169815;-96.368881;-19.094259;-8.5302734;-53.932129;5.9261627;-20.987869;-92.596313;-10.890697;-23.264923;-105.15103;-19.645844;-21.104904;-93.622314;-21.628494;-21.104912;-93.622314;-21.628492;-25.519211;-80.561211;-23.354692;-27.535704;-68.840256;-25.448835;-25.735296;-58.715256;-26.365147;-23.152645;-49.390808;-27.003357;-19.560829;-40.928093;-27.752254;-14.440392;-33.469559;-28.368896;-7.5247145;-27.3344;-28.378922;0.70032811;-22.055836;-28.620533;10.545654;-17.048527;-29.260138
